first_name,last_name,email
Yurik,A'Barrow,yabarrow2b@godaddy.com
Helga,Abbitt,habbittiq@surveymonkey.com
Ayn,Abdy,aabdy8h@instagram.com
Wilmar,Aberhart,waberhartav@sitemeter.com
Gweneth,Ablett,gablett7x@upenn.edu
Leone,Abrahamsen,labrahamsenhe@reddit.com
Silvie,Absalom,sabsalomem@imdb.com
Celestia,Adderson,caddersonp7@seattletimes.com
Rania,Adger,radgeraw@dion.ne.jp
Shell,Agglione,sagglione3j@studiopress.com
Anya,Aire,aairel2@walmart.com
Vinson,Albisser,valbisser7b@artisteer.com
Osbourn,Albrook,oalbrookp6@timesonline.co.uk
Dwayne,Alders,daldersjw@yellowbook.com
Sula,Alenov,salenov83@amazon.com
Shani,Alforde,salfordegi@w3.org
Garnette,Allaker,gallakergp@qq.com
Darlene,Allcock,dallcock92@networkadvertising.org
Jesse,Allot,jallota2@squidoo.com
Heda,Allsobrook,hallsobrookg9@house.gov
Arturo,Amiss,aamiss9i@columbia.edu
Mendie,Andrichak,mandrichakoq@posterous.com
Clarabelle,Andrysiak,candrysiak3p@xinhuanet.com
Garth,Anfosso,ganfossopa@vkontakte.ru
Noble,Angrove,nangrove86@japanpost.jp
Rosemary,Anniwell,ranniwell9h@google.nl
Cull,Anstead,canstead1q@unc.edu
Daniele,Antonognoli,dantonognoli31@yahoo.com
Field,Apted,faptedgl@list-manage.com
Dacie,Armatage,darmatage9v@lycos.com
Guglielma,Ascroft,gascroftly@ucoz.com
Boy,Asipenko,basipenko9b@posterous.com
Farrel,Aspel,faspelos@delicious.com
Francis,Atwel,fatwel2w@cornell.edu
Cosetta,Auguste,caugustepe@loc.gov
Arlan,Awdry,aawdrynb@usatoday.com
Vergil,Axelbee,vaxelbeepg@usa.gov
Austina,Aylmore,aaylmore8d@1und1.de
Lexie,Ayton,laytonh9@myspace.com
Summe A:,39
Kiley,Badger,kbadgeroi@nba.com
Domingo,Balmer,dbalmer46@latimes.com
Aime,Bane,abanem1@seesaa.net
Erskine,Bankhurst,ebankhurst8z@slideshare.net
Nathalie,Banyard,nbanyarde8@usnews.com
Nissy,Barnardo,nbarnardoha@topsy.com
Dulcea,Barok,dbaroklq@house.gov
Vivienne,Barry,vbarryah@vistaprint.com
Cherey,Barta,cbartamj@gizmodo.com
Blakeley,Barthrup,bbarthrupbz@posterous.com
Egan,Bartlam,ebartlam15@economist.com
Issiah,Bartlosz,ibartloszo2@blogs.com
Marcus,Bartolomeoni,mbartolomeoni7h@tmall.com
Robinette,Bass,rbass53@squidoo.com
Emmaline,Batchelder,ebatchelder7j@tmall.com
Rani,Battleson,rbattlesono1@netscape.com
Alano,Baylay,abaylayga@friendfeed.com
Susanna,Baynham,sbaynhambl@cnbc.com
Sonni,Beacom,sbeacom6t@ehow.com
Gert,Beaton,gbeaton6z@webmd.com
Swen,Beddoe,sbeddoef2@cocolog-nifty.com
Mandy,Bedham,mbedhamon@mysql.com
Hugibert,Bedminster,hbedminsterko@marketwatch.com
Cthrine,Beels,cbeelse5@vkontakte.ru
Archie,Begin,abegin1t@indiatimes.com
Andrea,Beldum,abeldum3a@japanpost.jp
Bail,Bellefonte,bbellefontenk@netscape.com
Ardine,Belleny,abellenybx@topsy.com
Marcela,Bendley,mbendley4l@feedburner.com
Estell,Benge,ebenge5l@123-reg.co.uk
Murry,Benham,mbenhame7@va.gov
Tessa,Bergeau,tbergeauja@cloudflare.com
Cirilo,Beringer,cberinger3y@miitbeian.gov.cn
Christos,Bernhart,cbernhartap@army.mil
Sybyl,Bernollet,sbernollet6b@ehow.com
Louisette,Berrington,lberringtonfi@abc.net.au
Catherin,Berthelmot,cberthelmot87@nasa.gov
Giacinta,Bertholin,gbertholinnj@hc360.com
Ali,Beste,abesteg8@cbslocal.com
Rubetta,Bettridge,rbettridge4f@skype.com
Rabi,Bick,rbick4p@va.gov
Agustin,Bicksteth,abickstethgz@virginia.edu
Rik,Bier,rbier23@zdnet.com
Ingar,Billington,ibillingtonfx@shop-pro.jp
Marylee,Binnall,mbinnalleb@google.com.hk
Richy,Bladon,rbladonb9@themeforest.net
Cash,Blanden,cblanden2d@cnn.com
Shurlocke,Bleythin,sbleythinco@altervista.org
Joellen,Blind,jblindj8@theglobeandmail.com
Thaddeus,Bloxsom,tbloxsomnv@slideshare.net
Brock,Boath,bboathof@macromedia.com
Jerrie,Boatright,jboatrightcz@smugmug.com
Loretta,Boddis,lboddismy@nifty.com
Seana,Bohin,sbohin6g@ft.com
Aristotle,Boissier,aboissierma@ftc.gov
Donica,Bolsteridge,dbolsteridgejn@ycombinator.com
Hadley,Bompass,hbompassfe@sciencedaily.com
Beatrisa,Bonas,bbonaseo@pinterest.com
Corinne,Boner,cboner84@arstechnica.com
Collete,Bonham,cbonham2n@bizjournals.com
Leoine,Bortolutti,lbortoluttipb@digg.com
Lilllie,Bothams,lbothamsc@photobucket.com
Robb,Bottell,rbottell35@w3.org
Burk,Boullin,bboullinho@theatlantic.com
Chantal,Boustred,cboustrednx@51.la
Ermin,Bowell,ebowell7d@4shared.com
Toby,Bowerbank,tbowerbankoc@hc360.com
Ruperto,Bowick,rbowickqb@admin.ch
Jamey,Bowller,jbowller95@foxnews.com
Harald,Bownas,hbownasfu@addtoany.com
Garald,Boxell,gboxella7@cdbaby.com
Dolores,Bradburne,dbradburne18@nih.gov
De,Braden,dbradenff@gmpg.org
Ammamaria,Brame,abramenf@sbwire.com
Iosep,Brankley,ibrankley2i@slashdot.org
Mirna,Braunstein,mbraunstein7r@last.fm
Nathalia,Bravington,nbravingtone6@prlog.org
Babbette,Braywood,bbraywoodeq@wikipedia.org
Emanuele,Brazier,ebrazier7e@i2i.jp
Riobard,Brea,rbreajr@gizmodo.com
Kristin,Breckin,kbreckin2f@tuttocitta.it
Ibbie,Breitling,ibreitling2g@microsoft.com
Ianthe,Brenstuhl,ibrenstuhljy@sohu.com
Meagan,Breslauer,mbreslauerk7@vimeo.com
Rebbecca,Bridgement,rbridgementfp@latimes.com
Rey,Bristoe,rbristoef7@taobao.com
Juli,Broadbear,jbroadbearje@1688.com
Ross,Broseke,rbroseke25@state.tx.us
Smith,Bruckental,sbruckental1b@si.edu
Elvyn,Bruckmann,ebruckmannj7@timesonline.co.uk
Fanchon,Brugden,fbrugdendn@over-blog.com
Lilli,Bruhnke,lbruhnkeat@cornell.edu
Zonnya,Brusby,zbrusbyqz@t-online.de
Ximenez,Brusin,xbrusindd@twitter.com
Ryley,Brymner,rbrymnerak@ifeng.com
Delia,Bulfoot,dbulfootcw@geocities.com
Ranice,Bullas,rbullashk@delicious.com
Margarette,Burditt,mburditthd@creativecommons.org
Nikolas,Burgyn,nburgynok@businessweek.com
Aurelea,Burkill,aburkill8a@photobucket.com
Dur,Bushnell,dbushnell5w@telegraph.co.uk
Ag,Buswell,abuswell3i@phoca.cz
Pattie,Byass,pbyass5a@sina.com.cn
Bellanca,Byford,bbyfordar@alibaba.com
Summe B:,104
Kari,Cabane,kcabanepf@addthis.com
Aleksandr,Cahn,acahnoz@constantcontact.com
Cesare,Cainey,ccainey7y@tiny.cc
Errick,Caldero,ecalderol0@dagondesign.com
Malchy,Caldron,mcaldron5e@parallels.com
Bondie,Camlin,bcamlinp8@globo.com
Sande,Cammomile,scammomile37@last.fm
Toddie,Canceller,tcanceller58@feedburner.com
Arney,Cannicott,acannicotthy@blogtalkradio.com
Dorella,Cantrell,dcantrellmt@yelp.com
Della,Capitano,dcapitanoh2@wikia.com
Ethyl,Cardall,ecardallo7@bandcamp.com
Sander,Carles,scarles3z@fc2.com
Yankee,Carson,ycarsonkb@slashdot.org
Julee,Caseley,jcaseleyll@jimdo.com
Eda,Caselick,ecaselickoa@paypal.com
Etta,Caslett,ecaslettig@examiner.com
Gilberta,Castagnet,gcastagnet2s@dropbox.com
Anthiathia,Castelyn,acastelynie@delicious.com
Edie,Cathie,ecathiegu@studiopress.com
Krisha,Catmull,kcatmull3t@ted.com
Chick,Catt,ccatto5@squidoo.com
Belita,Cattonnet,bcattonnet9k@domainmarket.com
Winslow,Caudrelier,wcaudrelierkf@washingtonpost.com
Wallis,Cawthera,wcawthera6j@a8.net
Celka,Celiz,cceliz2k@answers.com
Kassandra,Center,kcentern1@g.co
Cordie,Chainey,cchaineydr@cisco.com
Gallagher,Charnock,gcharnockr7@europa.eu
Neill,Chattoe,nchattoe9u@amazon.co.uk
Rea,Cheake,rcheakemx@dailymail.co.uk
Rodrigo,Checketts,rchecketts4h@stumbleupon.com
Jeno,Cheel,jcheelg3@nsw.gov.au
Dar,Cherry,dcherryef@businesswire.com
Miran,Chessman,mchessmancs@opensource.org
Batholomew,Chidwick,bchidwick7o@engadget.com
Hodge,Chidwick,hchidwickac@opensource.org
Hana,Chirm,hchirm9n@comsenz.com
Morty,Chominski,mchominski8w@miibeian.gov.cn
Davita,Choppin,dchoppine2@networksolutions.com
Olenolin,Chrystie,ochrystiemd@bbc.co.uk
Alene,Chupin,achupin16@sina.com.cn
Leanor,Cinelli,lcinelliit@webs.com
Dorothea,Ciobotaro,dciobotarofj@buzzfeed.com
Salem,Clampett,sclampett4w@about.com
Fernando,Clayden,fclayden7w@whitehouse.gov
Cassey,Clemo,cclemody@yahoo.com
Raymond,Clere,rclerep3@odnoklassniki.ru
Dorey,Cleynman,dcleynmanm8@blogspot.com
Dottie,Climar,dclimar6d@irs.gov
Kiri,Cocking,kcockingi4@google.cn
Kassi,Colborn,kcolborni1@sohu.com
Sallyann,Colkett,scolkettli@addthis.com
Fran,Colls,fcollsmw@japanpost.jp
Gwenneth,Colqueran,gcolqueranrk@vimeo.com
Hastie,Cometti,hcomettiaf@studiopress.com
Chan,Conant,cconantbc@gravatar.com
Tony,Connerly,tconnerlyb1@dion.ne.jp
Elaine,Constantine,econstantinejd@eventbrite.com
Verge,Copley,vcopleyk0@jalbum.net
Buckie,Coppens,bcoppensls@cdbaby.com
Sophey,Corneil,scorneillu@soup.io
Mathew,Cornewell,mcornewellee@amazon.co.jp
Gabi,Corse,gcorse5k@phpbb.com
Clayborn,Coslitt,ccoslittqw@dailymail.co.uk
Paule,Cossentine,pcossentiner5@xing.com
Cyrus,Cosstick,ccosstick1e@yolasite.com
Taffy,Couser,tcousergv@angelfire.com
Stern,Coveley,scoveleygk@e-recht24.de
Amalita,Cowans,acowans3c@google.ru
Anders,Cowoppe,acowoppe13@va.gov
Arney,Cramb,acrambis@latimes.com
Anissa,Crehan,acrehanaj@thetimes.co.uk
Lon,Cressar,lcressarbf@liveinternet.ru
Durand,Crock,dcrocki8@google.com.br
Jamesy,Croft,jcroftg@unesco.org
Danie,Cromar,dcromarqo@bigcartel.com
Korry,Cruce,kcrucede@moonfruit.com
Antony,Crush,acrushca@washington.edu
Shoshana,Cullington,scullingtonik@edublogs.org
Gun,Cultcheth,gcultcheth5n@google.pl
Devin,Cuncarr,dcuncarrn0@blinklist.com
Ker,Cuniffe,kcuniffeq4@smh.com.au
Bryana,Cuphus,bcuphusjh@blinklist.com
Stafford,Curragh,scurraghhs@icq.com
Granville,Cutchey,gcutcheyrf@netscape.com
Jourdain,Cuthill,jcuthilla1@ca.gov
Dorella,Cutress,dcutress33@msn.com
Summe C:,88
Brock,D'Antonio,bdantonio63@usnews.com
Denver,Dahler,ddahlerip@upenn.edu
Eustacia,Daintith,edaintithmh@cdbaby.com
Vitia,Dallmann,vdallmann1s@phpbb.com
Garnet,Danforth,gdanforth34@irs.gov
Simone,Darrington,sdarringtongc@netvibes.com
Clayborn,Davids,cdavids56@tumblr.com
Fidelia,Davidy,fdavidyg1@webs.com
Barrett,Davis,bdavisa5@csmonitor.com
Laurice,De Giorgi,ldegiorgi68@samsung.com
Bevvy,De Hoogh,bdehooghor@multiply.com
Gabriello,Dedmam,gdedmambn@imgur.com
Fallon,Deetlefs,fdeetlefsk2@shop-pro.jp
Vittorio,Delyth,vdelythau@addtoany.com
Brandice,Deshon,bdeshonhm@barnesandnoble.com
Fredra,Despenser,fdespenserix@sciencedirect.com
Iggy,Desvignes,idesvignesh3@issuu.com
Hobie,Devita,hdevitap9@sourceforge.net
Sibelle,Devon,sdevonaq@walmart.com
Valentine,Dewsnap,vdewsnapmi@ibm.com
Conrad,Di Giorgio,cdigiorgioj1@webnode.com
Jaime,Di Giorgio,jdigiorgioo0@europa.eu
Isadore,Dickerson,idickersonlj@example.com
Gerry,Dienes,gdienes3s@google.nl
Ignace,Dies,idiesqf@linkedin.com
Regine,Dilkes,rdilkesk9@ow.ly
Carmen,Dirr,cdirrb5@cyberchimps.com
Fremont,Dittson,fdittson8m@msu.edu
Jena,Dodgson,jdodgsonjx@unesco.org
Bronnie,Domenget,bdomengetlc@wisc.edu
Field,Domengue,fdomengued8@blogs.com
Brynn,Domonkos,bdomonkos4i@accuweather.com
Jo,Donke,jdonke1m@51.la
Pedro,Donner,pdonner9o@nsw.gov.au
Kailey,Dowsey,kdowseych@apache.org
Camile,Doxey,cdoxeycc@wordpress.com
Anthe,Dresser,adressergt@geocities.com
Celine,Drewet,cdrewet2o@usgs.gov
Hyatt,Drivers,hdriverslx@fda.gov
Jozef,Drought,jdroughtf5@jimdo.com
Kari,Dryden,kdrydenbo@gov.uk
Ashil,Dubois,adubois4j@zdnet.com
Allard,Duchan,aduchank@yahoo.com
Lorenzo,Ducker,lducker1z@wikia.com
Jimmy,Ducker,jduckerkc@google.ru
Fritz,Dudderidge,fdudderidge9p@over-blog.com
Val,Duffie,vduffieo4@naver.com
Archibold,Duhig,aduhigkn@stanford.edu
Niki,Duiged,nduigedp2@slashdot.org
Claybourne,Dukesbury,cdukesburyhu@businesswire.com
Moshe,Dulany,mdulanyaa@simplemachines.org
Willabella,Duligal,wduligaldl@buzzfeed.com
Sada,Dumblton,sdumbltonr9@flavors.me
Adi,Dumingos,adumingos5x@mayoclinic.com
Briant,Dunbar,bdunbar3x@biglobe.ne.jp
Spence,Dunican,sdunicankk@alibaba.com
Brendis,Dunkley,bdunkley4s@amazon.com
Duane,Dunlea,ddunleale@dell.com
Cash,Dunston,cdunstonq0@domainmarket.com
Galvin,Duplain,gduplainm7@latimes.com
Melita,Dyerson,mdyersoner@apple.com
Summe D:,61
Pandora,Eagar,peagarb0@bigcartel.com
Aguistin,Eagle,aeaglel1@eventbrite.com
Janey,Eagles,jeaglesa8@etsy.com
Milzie,Eblein,mebleinfy@plala.or.jp
Evaleen,Edlin,eedlin2z@unesco.org
Reg,Edmead,redmeadh8@miitbeian.gov.cn
Denni,Edmundson,dedmundsonjl@state.tx.us
Desiree,Egell,degellf9@vimeo.com
Crista,Eivers,ceiversjk@wp.com
Eba,Eles,eelesdi@businesswire.com
Delia,Ellen,dellen20@qq.com
Denver,Ellsom,dellsomgb@shareasale.com
Brigida,Ellwood,bellwood6r@icio.us
Pauletta,Elsworth,pelsworthpq@nhs.uk
Maribel,Eltringham,meltringham9t@naver.com
Merilyn,Enos,menos6@gizmodo.com
Georges,Enrigo,genrigohw@umn.edu
Meredith,Entwhistle,mentwhistleci@storify.com
Charo,Epperson,ceppersoniu@youtu.be
Ivy,Epton,ieptonbv@github.io
Tedda,Eslemont,teslemontqd@bloglines.com
Joella,Eul,jeulme@theguardian.com
Fabe,Ewells,fewellsmk@twitter.com
Karlotta,Eykelbosch,keykelboschlg@yellowbook.com
Louis,Eymor,leymor2j@google.de
Summe E:,25
Prissie,Fairbrother,pfairbrother6p@google.com.au
Zahara,Falkus,zfalkus6k@g.co
Bettina,Farlowe,bfarlowe6n@stumbleupon.com
Wilow,Farrer,wfarrerfa@theglobeandmail.com
Christophe,Farris,cfarriskt@qq.com
Charis,Fassman,cfassmanoj@parallels.com
Swen,Fawdrie,sfawdrierd@bravesites.com
Jessamyn,Fear,jfearr3@aol.com
Dwayne,Fearick,dfearickkl@adobe.com
Calvin,Featherstone,cfeatherstone22@state.tx.us
Hyatt,Feldon,hfeldon5r@typepad.com
Joete,Fennelow,jfennelowq6@walmart.com
Gertrud,Fever,gfeverfk@sogou.com
Huberto,Filgate,hfilgatejf@meetup.com
Oran,Finnan,ofinnanfn@slate.com
Anabella,Fisbburne,afisbburneqt@google.com.au
Morry,Fitzmaurice,mfitzmauricehh@tinyurl.com
Geri,Flaune,gflaune88@vistaprint.com
Panchito,Fleury,pfleuryld@multiply.com
Salli,Fomichkin,sfomichkin5@uiuc.edu
Des,Forgie,dforgierl@seattletimes.com
Tripp,Foster-Smith,tfostersmithbq@flickr.com
Margaretha,Fouch,mfouchr4@blogs.com
Keary,Found,kfoundol@de.vu
Gaynor,Frankiss,gfrankissn9@patch.com
Obidiah,Freiburger,ofreiburger93@si.edu
Evyn,Fronek,efronek7l@webmd.com
Waylan,Fullalove,wfullalovej@java.com
Tyrus,Fumagalli,tfumagallicm@skype.com
Dorette,Fumagalli,dfumagallim6@fema.gov
Ab,Furman,afurman3e@dailymail.co.uk
Ashia,Futcher,afutcherej@aboutads.info
Summe F:,32
Penrod,Gabrieli,pgabrieliiw@lulu.com
Jephthah,Gales,jgales66@cnbc.com
Elfrieda,Gallandre,egallandred2@a8.net
Lukas,Gallimore,lgallimorec8@ihg.com
Harry,Gareisr,hgareisr4e@fema.gov
Dierdre,Garrique,dgarrique17@xing.com
Del,Gatling,dgatling1c@1688.com
Shane,Gaudon,sgaudonpj@woothemes.com
Lorene,Gavriel,lgavriel6m@addtoany.com
Calli,Gayden,cgayden97@omniture.com
Cedric,Geddes,cgeddesiv@thetimes.co.uk
Julius,Gerardot,jgerardothb@github.io
Meagan,Gerbel,mgerbel85@miibeian.gov.cn
Joana,Gerholz,jgerholz39@google.fr
Lowell,Gerrie,lgerriec9@hao123.com
Wainwright,Gerritsma,wgerritsmajt@netlog.com
Bobbie,Gething,bgething4t@yale.edu
Herman,Gigg,hgiggm4@artisteer.com
Kain,Gilders,kgilderslk@woothemes.com
Lucio,Gilhool,lgilhoolot@tmall.com
Abraham,Gillfillan,agillfillan7n@bigcartel.com
Missy,Gillmor,mgillmorm5@macromedia.com
Ambrose,Gilmartin,agilmartin48@earthlink.net
Kassi,Giraldez,kgiraldezgq@edublogs.org
Lindsey,Gissing,lgissingao@gnu.org
Elene,Glanert,eglanert47@furl.net
Lorrayne,Glendenning,lglendenninghg@freewebs.com
Annadiane,Gluyas,agluyas64@theguardian.com
Inness,Goakes,igoakesfl@blinklist.com
Euell,Gocher,egocher2x@blogtalkradio.com
Jillane,Godar,jgodaren@squarespace.com
Kendra,Godard,kgodardml@paginegialle.it
Birk,Godleman,bgodlemann@ox.ac.uk
Jenny,Goforth,jgoforth67@infoseek.co.jp
Martynne,Goghin,mgoghindp@usda.gov
Filip,Goodacre,fgoodacrek1@g.co
Clifford,Goodyear,cgoodyear2u@alexa.com
Marisa,Goold,mgooldhi@cdbaby.com
Marci,Goozee,mgoozeect@gnu.org
Rosie,Gopsall,rgopsallfw@about.com
Twila,Gorling,tgorlingcq@posterous.com
Alistair,Gormally,agormallyij@wikimedia.org
Melloney,Gornar,mgornare9@usda.gov
Kaspar,Gouldthorp,kgouldthorpl3@wikipedia.org
Davita,Goulston,dgoulstonbd@ebay.com
Winny,Gowland,wgowlandbh@wix.com
Dalenna,Grancher,dgrancheri7@dagondesign.com
Maryjo,Granham,mgranhambr@multiply.com
Cathy,Greening,cgreeningt@cocolog-nifty.com
Dannie,Greensides,dgreensidescl@paypal.com
Joell,Gregan,jgreganb3@patch.com
Bobbe,Gregg,bgreggdm@slashdot.org
Althea,Greystoke,agreystoke1a@reference.com
Papageno,Grinyakin,pgrinyakinfr@ycombinator.com
Candie,Grishakov,cgrishakovh1@acquirethisname.com
Fae,Groombridge,fgroombridgeed@jimdo.com
Ceciley,Grubbe,cgrubbehv@slideshare.net
Darnall,Grunguer,dgrunguer2p@nymag.com
Bern,Grute,bgruteg6@shop-pro.jp
Tammi,Grzes,tgrzesl6@vk.com
Reilly,Guard,rguard2e@tamu.edu
Alberik,Guite,aguitehj@zimbio.com
Morgan,Gullefant,mgullefantds@hhs.gov
Sigmund,Gustus,sgustusae@hud.gov
Summe G:,64
Carol,Habbema,chabbema1f@dion.ne.jp
Pippa,Hackford,phackford3r@senate.gov
Derron,Haffenden,dhaffendendt@usgs.gov
Nevin,Haining,nhainingjo@shareasale.com
Ailis,Hains,ahainsb2@nyu.edu
Giralda,Hairon,ghaironl4@gmpg.org
Cody,Haith,chaithbe@ebay.co.uk
Arvie,Haldane,ahaldanef4@ebay.com
Robbyn,Halfhead,rhalfhead78@upenn.edu
Nicole,Halliberton,nhallibertongn@cnet.com
Vince,Halsho,vhalshoek@etsy.com
Glenn,Handford,ghandford4k@tinyurl.com
Louisette,Handlin,lhandlinm0@psu.edu
Elianora,Hanford,ehanfordw@ning.com
Billy,Hankins,bhankinsc0@europa.eu
Prudi,Hanway,phanwayge@imgur.com
Tadio,Hardaway,thardaway8g@chronoengine.com
Caro,Hardway,chardwayan@csmonitor.com
Janice,Hardwich,jhardwicho@japanpost.jp
Noel,Harnett,nharnett10@jigsy.com
Essy,Harnett,eharnett4z@un.org
Joyann,Harridge,jharridgepi@army.mil
Lizzy,Hartill,lhartillgr@wikimedia.org
Filberto,Hartley,fhartleymv@wisc.edu
Kristy,Hasard,khasardo8@ezinearticles.com
Carlene,Hasely,chasely5j@goo.ne.jp
Billye,Hastin,bhastinec@smugmug.com
Donica,Haw,dhaw3g@foxnews.com
Sheila-kathryn,Hawket,shawketgj@mysql.com
Doyle,Heam,dheamkj@1und1.de
Melisenda,Hearon,mhearonj2@ebay.co.uk
Dael,Hearsum,dhearsumby@ycombinator.com
Hildagard,Heims,hheimsf6@umich.edu
Pearl,Heinecke,pheinecke5o@comcast.net
Timofei,Heinle,theinle89@artisteer.com
Stefa,Heliet,shelietkz@homestead.com
Claudell,Helis,cheliska@yandex.ru
Ulrich,Helks,uhelkslr@symantec.com
Cort,Helliwell,chelliwell4q@wordpress.com
Concettina,Hendriks,chendrikscg@xrea.com
Dorita,Henlon,dhenlon7f@unicef.org
Jaye,Hentze,jhentzeqv@japanpost.jp
Holden,Herculeson,hherculesonb8@bandcamp.com
Shaughn,Heustace,sheustace6a@nhs.uk
Reynold,Heustace,rheustacebi@go.com
Osmund,Heyworth,oheyworth41@ca.gov
Joice,Hickisson,jhickissonio@tinypic.com
Schuyler,Higgoe,shiggoekv@merriam-webster.com
Christal,Higounet,chigounet3d@timesonline.co.uk
Phil,Hince,phincelf@phoca.cz
Roxine,Hodgen,rhodgenkg@go.com
Roosevelt,Hollow,rhollownm@theglobeandmail.com
Moishe,Holstein,mholstein8t@nba.com
Norbie,Holwell,nholwelldw@purevolume.com
Ewart,Horribine,ehorribineg7@mozilla.com
Douglas,Hosten,dhostenai@nytimes.com
Matteo,Huard,mhuardrr@skype.com
Bond,Huddle,bhuddle0@hostgator.com
Karisa,Hugo,khugomr@answers.com
Tania,Hulbert,thulbert8n@sciencedaily.com
Dusty,Hurn,dhurn90@sohu.com
Aldis,Hyndman,ahyndmanj4@istockphoto.com
Tedi,Hynson,thynson7s@cdc.gov
Summe H:,63
Kelbee,Ianni,kiannih4@pagesperso-orange.fr
Bradney,Ianniello,bianniello5t@wisc.edu
Jordan,Ilbert,jilbertqu@imdb.com
Renee,Iltchev,riltchev2m@skyrock.com
Gerald,Ilyushkin,gilyushkinh6@amazonaws.com
Lyell,Imeson,limeson1n@adobe.com
Dode,Inch,dinchim@uiuc.edu
Amitie,Infante,ainfanteqa@vinaora.com
Adel,Instock,ainstockdj@samsung.com
Julee,Inworth,jinworthe3@reverbnation.com
Garwin,Iorizzo,giorizzo9m@whitehouse.gov
Kesley,Isac,kisacbj@discuz.net
Elsie,Issitt,eissitt30@istockphoto.com
Silvester,Ivanov,sivanov32@xrea.com
Summe I:,14
Edie,Jackalin,ejackalin8p@omniture.com
Marietta,Jacquemot,mjacquemotfz@indiegogo.com
Mary,Jacson,mjacsonju@taobao.com
Feliks,Jakubowsky,fjakubowsky1g@auda.org.au
Pet,Jancey,pjancey1v@mediafire.com
Rori,Jannequin,rjannequin8q@narod.ru
Jennette,Janota,jjanotadc@chronoengine.com
Midge,Jaquin,mjaquin70@acquirethisname.com
Alice,Jarmaine,ajarmaineqi@jiathis.com
Quintin,Jeannon,qjeannon5u@list-manage.com
Farlie,Jeannot,fjeannot82@independent.co.uk
Violetta,Jedras,vjedrasoo@clickbank.net
Rob,Jerger,rjergercx@mediafire.com
Lyell,Jerosch,ljeroschcy@slideshare.net
Jerrilyn,Jerrans,jjerransg5@behance.net
Torey,Jerson,tjersonfg@hugedomains.com
Kinny,Jessel,kjessellv@nsw.gov.au
Laurie,Jewel,ljewel2r@ftc.gov
Johannes,Jilkes,jjilkesk6@nymag.com
Kristy,Jilliss,kjillisset@disqus.com
Kirstyn,Jirus,kjirusrg@creativecommons.org
Duky,Joice,djoice75@dailymotion.com
Franklin,Josebury,fjoseburyda@wisc.edu
Humbert,Jossel,hjosseljp@etsy.com
Summe J:,24
Inigo,Kanwell,ikanwell4y@oakley.com
Kathrine,Karadzas,kkaradzasmo@hud.gov
Cherlyn,Karpf,ckarpflo@icq.com
Meggie,Karran,mkarranc4@berkeley.edu
Candi,Kedwell,ckedwelljz@hostgator.com
Laurianne,Keeler,lkeelerb6@example.com
Jess,Kennerknecht,jkennerknecht1w@gov.uk
Antone,Kenworthy,akenworthyd3@wordpress.org
Fabio,Kenyon,fkenyonnw@noaa.gov
Rhona,Kevern,rkevern14@fotki.com
Nickolaus,Keyser,nkeyserq1@accuweather.com
Sam,Kidner,skidnerez@cargocollective.com
Carmelia,Kik,ckikgf@time.com
Beatrice,Killich,bkillich5p@free.fr
Giordano,Kimbell,gkimbellbp@booking.com
Harp,Kimbley,hkimbleymu@github.com
Kevina,Kinforth,kkinforthqg@discuz.net
Ivar,Kings,ikingsj3@homestead.com
Abe,Kinloch,akinlocha@cloudflare.com
Rowney,Kinningley,rkinningleyid@zdnet.com
Theo,Kitter,tkitter3m@redcross.org
Orlan,Klaff,oklaffew@google.pl
Hashim,Klais,hklaisqj@cbslocal.com
Letta,Klawi,lklawi5b@delicious.com
Wilmer,Kleint,wkleint1d@berkeley.edu
Fiorenze,Kleisle,fkleislecr@redcross.org
Shayla,Kollas,skollasfh@twitter.com
Egan,Kopje,ekopjekm@google.ca
Ian,Kornacki,ikornackig2@ucsd.edu
Aubine,Kosel,akoseleg@exblog.jp
Daria,Kryszkiecicz,dkryszkieciczgm@360.cn
Benny,Kuhnert,bkuhnertd0@usgs.gov
Annmaria,Kurth,akurthpt@psu.edu
Summe K:,33
Lanna,Labrum,llabrumg4@creativecommons.org
Reuven,Lafond,rlafondng@columbia.edu
Tobias,Lait,tlait6q@free.fr
Rory,Lamb-shine,rlambshine7v@opera.com
Riannon,Lambertz,rlambertzrp@google.co.jp
Ingunna,Lambot,ilambotn7@smugmug.com
Elizabeth,Lamshead,elamsheadpu@newyorker.com
Chantalle,Lanceley,clanceleye4@networksolutions.com
Christoper,Langfat,clangfat7u@wikipedia.org
Susann,Lardeux,slardeuxgx@noaa.gov
Hymie,Larkkem,hlarkkemht@cdbaby.com
Goran,Latty,glattyrm@epa.gov
Petronilla,Lawrinson,plawrinson2c@ezinearticles.com
Gannie,Laye,glayeov@fda.gov
Trudie,Le Conte,tlecontehf@mit.edu
Melodie,Le Marquis,mlemarquis9j@printfriendly.com
Carlin,Le Port,cleportps@vkontakte.ru
Cynthy,Leahey,cleahey4d@mashable.com
Zaneta,Leamon,zleamonr@nationalgeographic.com
Chevy,Leber,cleberck@quantcast.com
Theodora,Lecordier,tlecordierqs@usda.gov
Orland,Legister,olegisterl8@weather.com
L;urette,Leinweber,lleinweberif@mashable.com
Lacie,Lennarde,llennardepp@blinklist.com
Rafaellle,Lent,rlento9@sphinn.com
Lula,Lenthall,llenthallpv@imageshack.us
Rodi,Lepoidevin,rlepoidevinpz@un.org
Jeri,Lewisham,jlewisham9w@cloudflare.com
Cthrine,Liddell,cliddella6@howstuffworks.com
Griselda,Liff,gliff1y@storify.com
Nedi,Lilywhite,nlilywhite42@tripod.com
Bruis,Lindup,blindupbt@reddit.com
Brunhilda,Littleton,blittletonc3@bigcartel.com
Cathrine,Loach,cloach2l@miitbeian.gov.cn
Annadiane,Loding,aloding8x@bbb.org
Merrick,Longforth,mlongforthpw@blogspot.com
Pet,Loomes,ploomes1@theatlantic.com
Reuben,Lorkin,rlorkinc1@flavors.me
Ailyn,Lorman,alorman5c@smugmug.com
Lek,Louw,llouwhr@ustream.tv
Osmond,Lower,olower4m@usda.gov
Teodoor,Lowndsborough,tlowndsboroughkr@etsy.com
Darleen,Lowrance,dlowrance9c@house.gov
Goraud,Loy,gloy2t@google.fr
Brittne,Luc,blucjs@google.it
Audry,Luchetti,aluchettijg@dion.ne.jp
Lem,Lucius,lluciusn2@google.com.hk
Benton,Lumsdall,blumsdall3l@twitpic.com
Tressa,Luxford,tluxfordna@state.gov
Gladi,Lynn,glynnhl@w3.org
Augusto,Lynnett,alynnett3o@livejournal.com
Summe L:,51
Nestor,Maben,nmabendb@mit.edu
Lou,MacCardle,lmaccardlef@house.gov
Gerhardine,MacCheyne,gmaccheyne3k@youtu.be
Blithe,MacCheyne,bmaccheyneqy@google.com
Noami,MacCleod,nmaccleodgy@hud.gov
Erroll,MacDermid,emacdermidfv@uol.com.br
Art,MacHostie,amachostiei0@google.ru
Abelard,MacKain,amackaink4@google.ru
Ring,MacKeeg,rmackeegnd@java.com
Caryn,MacKey,cmackeyax@geocities.com
Myrtle,MacMillan,mmacmillankq@sohu.com
Goldy,MacNucator,gmacnucator73@bluehost.com
Codi,MacRannell,cmacrannelloh@google.pl
Wes,MacTrusty,wmactrusty9x@blogs.com
Grenville,Maccrae,gmaccraeob@china.com.cn
Kizzee,Maccree,kmaccree5s@examiner.com
Astra,Maddison,amaddisony@ask.com
Biddy,Madgett,bmadgett2h@amazonaws.com
Tessie,Maffioni,tmaffioni72@nasa.gov
Alfreda,Mahaddie,amahaddie7p@npr.org
Myrilla,Mahedy,mmahedyd4@ning.com
Pavlov,Makepeace,pmakepeacelz@photobucket.com
Marya,Malatalant,mmalatalant6s@newsvine.com
Arther,Malbon,amalboniy@vimeo.com
Skipton,Malt,smalteu@engadget.com
Adoree,Manifould,amanifould77@csmonitor.com
Inesita,Manon,imanoni5@cnet.com
Bobbye,Manzell,bmanzellpr@artisteer.com
Bone,Mapples,bmapplesfd@hibu.com
Norah,Marc,nmarcc2@indiatimes.com
Cello,Marchiso,cmarchiso7m@sakura.ne.jp
Win,Marcussen,wmarcussen3f@bigcartel.com
Francene,Margaret,fmargaretas@tinypic.com
Emmy,Marquand,emarquandj5@google.fr
Sarge,Marqyes,smarqyesm9@wikimedia.org
Elissa,Marriott,emarriottmp@ow.ly
Maisey,Marshalleck,mmarshalleckex@acquirethisname.com
Alidia,Marshland,amarshland5g@wix.com
Binky,Mathias,bmathiaspy@pagesperso-orange.fr
Ansley,Matic,amaticc5@hibu.com
Lizabeth,Matson,lmatson7c@dedecms.com
Katalin,Mattersey,kmatterseyei@toplist.cz
Kelsi,Mattheeuw,kmattheeuwnr@disqus.com
Ange,Matthesius,amatthesius6u@lycos.com
Hughie,Matushevich,hmatushevich74@guardian.co.uk
Arluene,Maydway,amaydway6l@desdev.cn
Alexei,McAtamney,amcatamneymf@theguardian.com
Wynny,McBeth,wmcbethv@omniture.com
Deni,McChruiter,dmcchruiter1x@stanford.edu
Pascale,McConnulty,pmcconnulty2v@vimeo.com
Pail,McDermott-Row,pmcdermottrowf8@omniture.com
Vonny,McElree,vmcelreemm@utexas.edu
Georgia,McGorley,gmcgorleyne@wufoo.com
Brocky,McGuigan,bmcguigano3@w3.org
Theodora,McInnerny,tmcinnerny4u@angelfire.com
Pam,McKeighen,pmckeighenrn@elpais.com
Janessa,McKnish,jmcknishmb@xinhuanet.com
Nikita,McLarnon,nmclarnon38@yolasite.com
Brittne,McMennum,bmcmennumay@51.la
Hamlen,McNickle,hmcnickleoe@europa.eu
Ginger,McPartlin,gmcpartlin7k@intel.com
Alexina,McPhail,amcphailfs@google.cn
Welbie,McWhinnie,wmcwhinniei2@flavors.me
Annabella,Meaddowcroft,ameaddowcroftj6@mediafire.com
Denis,Meadmore,dmeadmore60@comsenz.com
Bethena,Meakes,bmeakesnp@plala.or.jp
Hatty,Medling,hmedlingno@washingtonpost.com
Karia,Meech,kmeech8f@army.mil
Nana,Megany,nmeganycj@hhs.gov
Cherish,Melendez,cmelendezq3@nhs.uk
Elisa,Menaul,emenaul69@blogspot.com
Stacey,Mendoza,smendozab7@usatoday.com
Brewer,Menilove,bmenilovemz@utexas.edu
Chandal,Mingaye,cmingayenl@prnewswire.com
Maryjo,Minor,mminorrj@merriam-webster.com
Edlin,Mollen,emollen29@example.com
Jade,Moncreiffe,jmoncreiffeqm@goo.ne.jp
Marty,Monkeman,mmonkemanq5@sohu.com
Nananne,Montgomery,nmontgomerypm@google.ru
Jakie,Moodie,jmoodie24@facebook.com
Yalonda,Morant,ymorantow@skyrock.com
Wait,Morot,wmorot45@census.gov
Othilia,Morphey,omorpheycp@spiegel.de
Zane,Morrison,zmorrisonf1@plala.or.jp
Allina,Morse,amorselw@kickstarter.com
Iolande,Mouser,imouserms@i2i.jp
Wiley,Mousley,wmousley91@list-manage.com
Izabel,Mousley,imousleyl7@nasa.gov
Durward,Mullins,dmullins9s@guardian.co.uk
Wheeler,Murra,wmurraic@comsenz.com
Pammi,Muskett,pmuskett8i@ebay.co.uk
Clayson,Mussotti,cmussottiqh@rakuten.co.jp
Merwin,Muzzollo,mmuzzolloql@cnet.com
Summe M:,93
Tore,Nelsen,tnelsenpl@google.com.br
Janet,Nequest,jnequest3v@discuz.net
Astra,Nesfield,anesfield7g@posterous.com
Jessy,Nesterov,jnesterov4a@hhs.gov
Scarlett,Newart,snewart52@t-online.de
Tucky,Newey,tnewey49@npr.org
Bowie,Nias,bnias6e@ft.com
Zonda,Nisby,znisbyoy@slashdot.org
Broddy,Nix,bnixlh@ocn.ne.jp
Faustina,Nobriga,fnobrigaqq@java.com
Belle,Noore,bnoore6v@google.de
Kristel,Nordass,knordasskd@google.ru
Tammie,Norquay,tnorquay5q@histats.com
Summe N:,13
John,O Sullivan,josullivan4r@epa.gov
Susannah,O' Mara,somarajq@wp.com
Orv,O'Cannan,oocannan3h@360.cn
Drucie,O'Cuddie,docuddie98@mtv.com
Aleen,O'Daly,aodaly62@printfriendly.com
Fayette,O'Glassane,foglassanees@illinois.edu
Talia,O'Griffin,togriffinqr@irs.gov
Farlee,Odda,foddabk@java.com
Megen,Olekhov,molekhov71@godaddy.com
Vladamir,Olford,volfordmg@netscape.com
Tracy,Oliff,toliff8c@slashdot.org
Carlynn,Olijve,colijvebw@163.com
Geri,Oppery,gopperyro@dyndns.org
Clarisse,Orcott,corcott6f@pcworld.com
Quentin,Osbaldeston,qosbaldestonh7@merriam-webster.com
Patty,Owbrick,powbrickj9@mlb.com
Summe O:,16
Veronika,Packington,vpackingtonkp@merriam-webster.com
Bruno,Pagitt,bpagittra@omniture.com
Henrie,Panchen,hpanchencd@nasa.gov
Thornton,Pantone,tpantoneph@cafepress.com
Bette-ann,Paradyce,bparadyceod@goodreads.com
Claiborn,Parker,cparkerr8@shutterfly.com
Tiffie,Patemore,tpatemoreqp@msu.edu
Ailis,Patinkin,apatinkinjv@zimbio.com
Elvina,Pattinson,epattinsonkw@rakuten.co.jp
Laurianne,Pauley,lpauleync@addtoany.com
Anne-corinne,Paulton,apaultonq7@cdbaby.com
Giavani,Pavese,gpaveselp@marketwatch.com
Jinny,Pavyer,jpavyerey@cpanel.net
Bonita,Payn,bpayn27@cnn.com
Peadar,Peare,ppearens@dagondesign.com
Pren,Pegg,ppeggn8@npr.org
Matty,Pegg,mpeggq9@blogtalkradio.com
Humberto,Penburton,hpenburton4v@dion.ne.jp
Chrisse,Pender,cpenderfo@miitbeian.gov.cn
Arabelle,Penkethman,apenkethmane1@forbes.com
Malynda,Pepall,mpepall51@github.com
Siobhan,Perazzo,sperazzojm@xing.com
Maisey,Perri,mperrip1@bbc.co.uk
Astrix,Peter,apeterqc@cbc.ca
Zechariah,Petrecz,zpetrecz43@ucoz.ru
Kinnie,Petrov,kpetroval@desdev.cn
Sanders,Petry,spetryev@mashable.com
Dulce,Pettigrew,dpettigrewa4@archive.org
Claiborne,Pettko,cpettkoo6@ning.com
Gerda,Phalip,gphalipcu@google.com.au
Emlen,Phare,ephare5y@dion.ne.jp
Jobyna,Philcott,jphilcott5m@biglobe.ne.jp
Kalie,Philott,kphilotthp@ameblo.jp
Connie,Pibworth,cpibworthc7@cloudflare.com
Pietra,Pierro,ppierro59@homestead.com
Octavius,Pietz,opietz1h@dailymotion.com
Garrett,Piggins,gpigginsrq@cdc.gov
Carr,Pighills,cpighills11@flavors.me
Geralda,Pinchbeck,gpinchbeckdk@discovery.com
Gavra,Pinnigar,gpinnigar4o@cloudflare.com
Dione,Piscopiello,dpiscopiellogh@abc.net.au
Adolphe,Pitson,apitson9d@mashable.com
Gerhard,Plail,gplail2@loc.gov
Cristiano,Plaschke,cplaschkeri@360.cn
Ulrika,Pledger,upledger3u@cbslocal.com
Staford,Pol,spoliz@hugedomains.com
Georgy,Poppleton,gpoppleton4n@jalbum.net
Dianna,Popworth,dpopworth28@friendfeed.com
Gottfried,Potte,gpottel5@elegantthemes.com
Cecily,Poulton,cpoultonf0@yale.edu
Abba,Powderham,apowderham99@booking.com
Laurice,Prangle,lprangleir@washington.edu
Dorotea,Prattington,dprattington21@nps.gov
Noak,Prayer,nprayerhq@quantcast.com
Kordula,Prebble,kprebblei3@usgs.gov
Dot,Preene,dpreenen6@google.fr
Regen,Presdee,rpresdee1o@mlb.com
Lydie,Pressland,lpresslandji@prweb.com
Barbey,Prier,bpriere@va.gov
Amargo,Propper,apropper4g@livejournal.com
Jennilee,Proven,jprovendg@netscape.com
Joey,Provost,jprovostdh@cafepress.com
Philippa,Prozillo,pprozillo9a@apache.org
Bernadina,Pugsley,bpugsleycv@discovery.com
Angie,Puller,apuller3w@mtv.com
Carolan,Pymar,cpymarla@mediafire.com
Vicki,Pymm,vpymm2y@360.cn
Summe P:,67
Cort,Quincey,cquinceym@histats.com
Sergeant,Quinlan,squinlanba@dot.gov
Summe Q:,2
Karel,Rachuig,krachuig8u@tiny.cc
Dawn,Radborn,dradborn8v@zdnet.com
Garner,Raeburn,graeburnel@exblog.jp
Spence,Ramlot,sramlotj0@wikimedia.org
Xaviera,Rannald,xrannald9l@dell.com
Ferd,Rannald,frannaldf3@walmart.com
Wheeler,Rassmann,wrassmann6y@delicious.com
Doralia,Ratt,dratt6o@cbc.ca
Chrisy,Rawls,crawls26@opensource.org
Chance,Reach,creach6c@google.co.uk
Jodie,Readwin,jreadwince@twitpic.com
Ric,Realph,rrealph40@illinois.edu
Elvina,Reavell,ereavellnn@wunderground.com
Graeme,Reck,greckih@time.com
Mandel,Redd,mredd76@dedecms.com
Desdemona,Reffe,dreffed@jigsy.com
Loraine,Renshall,lrenshallom@businesswire.com
Herby,Reuben,hreuben8k@bbc.co.uk
Shane,Reynold,sreynold7t@zdnet.com
Barny,Reynoldson,breynoldson8@linkedin.com
Tonie,Rhys,trhysi9@phpbb.com
Mauricio,Ribeiro,mribeiro6x@mayoclinic.com
Marney,Richmont,mrichmontqx@tuttocitta.it
Jeanelle,Ridsdale,jridsdalent@army.mil
Herby,Risborough,hrisborough5v@arizona.edu
Rosanne,Riseam,rriseamp5@xinhuanet.com
Saunder,Risely,sriselyb4@moonfruit.com
Constancia,Roads,croads7i@yellowbook.com
Godwin,Rochford,grochfordgg@cam.ac.uk
Allsun,Rockhall,arockhallkx@storify.com
Doyle,Roelofs,droelofs81@skyrock.com
Lucien,Rolinson,lrolinsonke@stumbleupon.com
Anny,Ronayne,aronayne9r@unicef.org
Doralynne,Ronchka,dronchkapx@fastcompany.com
Franchot,Roofe,froofemc@about.me
Gaby,Rooke,grookeqn@earthlink.net
Nedi,Roseborough,nroseborougha3@ocn.ne.jp
Jobina,Rossetti,jrossetti1l@eepurl.com
Eloise,Roxburch,eroxburch1j@wikispaces.com
Huey,Rubberts,hrubberts94@dailymotion.com
Amie,Ruggier,aruggierrh@yellowpages.com
Gleda,Runcie,gruncies@pen.io
Nealson,Runcieman,nrunciemanlm@adobe.com
Querida,Russan,qrussangd@exblog.jp
Andree,Rutland,arutlandfc@yahoo.co.jp
Leia,Ryde,lryde8r@adobe.com
Summe R:,46
Vin,Sackett,vsackettea@jigsy.com
Esme,Safont,esafontkh@unesco.org
Modesty,Saladine,msaladinedv@reuters.com
Ianthe,Salvage,isalvage7z@printfriendly.com
Tan,Santino,tsantinok5@chron.com
Cory,Saph,csaph5d@vinaora.com
Pryce,Saunper,psaunper1i@wiley.com
Julieta,Saxelby,jsaxelby7a@blogspot.com
Ramona,Scade,rscadeq@unblog.fr
Inez,Schroeder,ischroederi@creativecommons.org
Jude,Schulze,jschulzeny@nps.gov
Jeremiah,Schwander,jschwanderp0@flickr.com
Poul,Scimonelli,pscimonelliog@imgur.com
Beniamino,Scoggans,bscoggansd6@cmu.edu
Ogdan,Scorah,oscorah8o@shinystat.com
Freddy,Scotchmer,fscotchmer80@theguardian.com
Chrisse,Scoyne,cscoyneky@pen.io
Tobe,Scurrell,tscurrell12@mayoclinic.com
Corrie,Sebborn,csebbornr6@weather.com
Genevieve,Sebright,gsebright2a@mapquest.com
Wini,Sedge,wsedgek8@chicagotribune.com
Juieta,Seifenmacher,jseifenmacherhc@alexa.com
Sigismondo,Sertin,ssertin44@meetup.com
Rawley,Seville,rsevillep@naver.com
Codie,Sharnock,csharnockd5@omniture.com
Cale,Sheddan,csheddanbs@smugmug.com
Alford,Shepcutt,ashepcuttz@gov.uk
Blondelle,Sherrell,bsherrellp4@freewebs.com
Roze,Shinefield,rshinefield9e@epa.gov
Marcia,Shipp,mshippou@netvibes.com
Myrtia,Sidery,msideryre@prweb.com
Maxie,Silvers,msilversil@privacy.gov.au
Willabella,Simeon,wsimeondf@google.co.jp
Meryl,Sisson,msissongs@about.me
Ronda,Skase,rskasepd@zimbio.com
Gearard,Skeldon,gskeldonx@nyu.edu
Audrye,Slayton,aslayton8y@fastcompany.com
Denys,Slyde,dslyde9@bloglines.com
Annalee,Slyme,aslyme19@blogtalkradio.com
Joseph,Smithend,jsmithenddq@wikimedia.org
Glyn,Snel,gsnelgw@upenn.edu
Meade,Snibson,msnibson9z@facebook.com
Wilmer,Snodden,wsnodden3q@ebay.co.uk
Theadora,Sockell,tsockell9g@apache.org
Domingo,Somerville,dsomerville79@sfgate.com
Laryssa,Sooper,lsooperft@hc360.com
Mendie,Soro,msoror1@toplist.cz
Deb,Spaldin,dspaldinn3@adobe.com
Evey,Spatarul,espatarula0@github.com
Suellen,Spatoni,sspatonibu@craigslist.org
Tisha,Spaunton,tspaunton50@qq.com
Nicki,Spearett,nspearett4c@dmoz.org
Glendon,Speed,gspeedag@google.es
Dalia,Spofford,dspoffordia@cdbaby.com
Kitti,Sporle,ksporlebg@nytimes.com
Padraic,Spridgen,pspridgenhz@economist.com
Shae,Springtorpe,sspringtorpe5i@photobucket.com
Colene,Sprules,csprulesop@twitter.com
Arlyne,Spurrier,aspurriernh@ezinearticles.com
Sergio,St. Aubyn,sstaubyn7q@sina.com.cn
Harmonia,Stairmond,hstairmond9q@t.co
Angel,Staite,astaiteaz@uol.com.br
Dee dee,Stang-Gjertsen,dstanggjertsenr0@uiuc.edu
Albert,Stanyer,astanyer5h@stanford.edu
Larisa,Staples,lstaplesg0@booking.com
Bunny,Starie,bstariepo@arstechnica.com
Wilie,Starmore,wstarmorejj@yellowpages.com
Shela,Starton,sstarton2q@sun.com
Phillida,Stoker,pstoker1k@163.com
Sheilakathryn,Stonehouse,sstonehousenu@cdbaby.com
Tobye,Stonuary,tstonuarybm@livejournal.com
Marcel,Stooke,mstookeq8@dedecms.com
Beth,Stothart,bstotharthx@cornell.edu
Leticia,Strafford,lstraffordin@last.fm
Silas,Stronack,sstronacka9@clickbank.net
Dominik,Stroyan,dstroyan4@tinypic.com
Cathrin,Sudron,csudronrc@sbwire.com
Francesca,Suermeiers,fsuermeiers8l@cpanel.net
Arie,Sunnex,asunnexjb@noaa.gov
Madelaine,Sutherby,msutherbyii@springer.com
Saundra,Suttle,ssuttlelb@sitemeter.com
Clifford,Swait,cswaitmq@sohu.com
Denver,Swalowe,dswalowe57@g.co
Erik,Sweeten,esweeten55@npr.org
Ignace,Swenson,iswensonfm@pen.io
Rodolph,Swin,rswindo@geocities.com
Joela,Syres,jsyres36@studiopress.com
Summe S:,87
Phyllida,Tabour,ptabourfb@gov.uk
Joey,Tansly,jtansly5f@alibaba.com
Fonzie,Tanti,ftanticn@fotki.com
Murry,Tease,mteaserb@cisco.com
Amye,Templman,atemplmanm3@eepurl.com
Flint,Thirlwall,fthirlwalleh@free.fr
Bryn,Thornley,bthornley61@dailymotion.com
Lucy,Tibald,ltibaldjc@ovh.net
Jerrold,Tickner,jticknerhn@netvibes.com
Stephine,Tilio,stilioad@yahoo.co.jp
Simone,Tilzey,stilzey54@bravesites.com
Mayer,Timblett,mtimblett4b@virginia.edu
Guthrie,Tippings,gtippingsib@dropbox.com
Andriette,Toderbrugge,atoderbruggeq2@biglobe.ne.jp
Mikkel,Tomashov,mtomashov9f@microsoft.com
Sayer,Tomaszkiewicz,stomaszkiewicz6w@hubpages.com
Consalve,Toor,ctoorc6@army.mil
Davon,Tortoishell,dtortoishellbb@alexa.com
Hillier,Tourmell,htourmellox@stumbleupon.com
Web,Tregonna,wtregonnal@wired.com
Charline,Trewhella,ctrewhellan4@issuu.com
Jeniece,Trighton,jtrightonu@apple.com
Sapphire,Trobe,strobe9y@furl.net
Ophelie,Trower,otrowerb@google.com.hk
Kameko,Trusty,ktrustydz@tripod.com
Stearne,Tubble,stubbleh0@alexa.com
Corinna,Tunno,ctunnoln@google.com.au
Alfreda,Turrill,aturrilld1@hp.com
Summe T:,28
Emmi,Ungaretti,eungarettimn@posterous.com
Summe U:,1
Brig,Valentelli,bvalentelli3@dot.gov
Jo,Vautre,jvautredu@arizona.edu
Callida,Veazey,cveazeygo@jiathis.com
Lea,Vella,lvellak3@tuttocitta.it
Del,Vere,dvereqe@washingtonpost.com
Nellie,Verrell,nverrellki@yellowbook.com
Pavia,Verrill,pverrill4x@moonfruit.com
Irena,Viggers,iviggerscf@nifty.com
Christina,Vobes,cvobesi6@booking.com
Cart,Vogelein,cvogeleine0@pbs.org
Patty,Von Salzberg,pvonsalzbergpk@nymag.com
Wilmette,Vondra,wvondranq@wisc.edu
Summe V:,12
Connie,Wadhams,cwadhamsn5@i2i.jp
Rockie,Wadlow,rwadlow1p@behance.net
Dede,Walder,dwalderl9@sciencedaily.com
Malissia,Wallicker,mwallicker8e@blogger.com
Biddy,Wapplington,bwapplington3n@buzzfeed.com
Felita,Warby,fwarbym2@timesonline.co.uk
Carmelle,Weatherhogg,cweatherhoggpn@miitbeian.gov.cn
Zebedee,Webburn,zwebburnd9@xrea.com
Cchaddie,Wedge,cwedge3b@omniture.com
Dorette,Weippert,dweippertr2@samsung.com
Val,Whaley,vwhaley1r@china.com.cn
Tedi,Wheelband,twheelband5z@nps.gov
Norma,Whelpdale,nwhelpdalenz@oaic.gov.au
Elyn,Whiles,ewhiles6i@cloudflare.com
Eydie,Whistlecroft,ewhistlecroftcb@ted.com
Zaria,Whittle,zwhittle8b@ed.gov
Hyacinthie,Widocks,hwidocksqk@google.cn
Gwenny,Wife,gwifeks@yale.edu
Creigh,Wigzell,cwigzellpc@yahoo.co.jp
Kenny,Wilcinskis,kwilcinskis65@apache.org
Hercules,Wilding,hwildingni@360.cn
Russell,Willcox,rwillcoxh@angelfire.com
Ezechiel,Wiltshire,ewiltshired7@blogger.com
Dean,Winckle,dwinckleep@slashdot.org
Alvie,Windmill,awindmill1u@nih.gov
Bengt,Winsborrow,bwinsborrow8j@wisc.edu
Wendie,Winterbotham,wwinterbotham8s@foxnews.com
Nike,Witherden,nwitherdenlt@craigslist.org
Enrico,Wolton,ewoltonam@live.com
Aharon,Woolbrook,awoolbrookku@statcounter.com
Thibaud,Worshall,tworshallfq@pcworld.com
Harriette,Wurz,hwurz6h@ustream.tv
Summe W:,32
Hamid,Yacobsohn,hyacobsohnab@dion.ne.jp
Ayn,Yegorev,ayegorevdx@mac.com
Noelle,Yglesia,nyglesia96@xrea.com
Summe Y:,3
Katey,Zorzutti,kzorzuttih5@photobucket.com
Summe Z:,1
Albie,de Mendoza,ademendoza7@joomla.org
Summe D:,1
Gesamtsumme:,1000
